run_id,timestamp,epoch,build_order,phase,template,site_code,target,seconds,note
1789167052-3891575,2026-09-12T00:50:52+02:00,1789167052,parallel,run_start,-,-,-,0,domains=9 targets=9 steps=81 sbranch=26091123bro
1789167052-3891575,2026-09-12T01:09:37+02:00,1789168177,parallel,prepare,-,-,-,1125,
1789167052-3891575,2026-09-12T01:20:44+02:00,1789168844,parallel,build,01_vel-key,01_vel,ath79-mikrotik,666,
1789167052-3891575,2026-09-12T01:32:51+02:00,1789169571,parallel,build,01_vel-key,01_vel,mediatek-filogic,722,
1789167052-3891575,2026-09-12T01:42:23+02:00,1789170143,parallel,build,01_vel-key,01_vel,mediatek-mt7622,568,
1789167052-3891575,2026-09-12T01:53:45+02:00,1789170825,parallel,build,01_vel-key,01_vel,mpc85xx-p1020,667,
1789167052-3891575,2026-09-12T02:05:32+02:00,1789171532,parallel,build,01_vel-key,01_vel,ramips-mt7621,703,
1789167052-3891575,2026-09-12T02:18:07+02:00,1789172287,parallel,build,01_vel-key,01_vel,x86-generic,747,
1789167052-3891575,2026-09-12T02:31:37+02:00,1789173097,parallel,build,01_vel-key,01_vel,x86-64,783,
1789167052-3891575,2026-09-12T02:41:56+02:00,1789173716,parallel,build,05_mon-key,05_mon,ramips-mt7621,466,
1789167052-3891575,2026-09-12T02:42:25+02:00,1789173745,parallel,build,05_mon-key,05_mon,ath79-mikrotik,436,
1789167052-3891575,2026-09-12T02:44:36+02:00,1789173876,parallel,build,05_mon-key,05_mon,x86-64,506,
1789167052-3891575,2026-09-12T02:45:49+02:00,1789173949,parallel,build,05_mon-key,05_mon,mediatek-filogic,520,
1789167052-3891575,2026-09-12T02:50:44+02:00,1789174244,parallel,build,10_wlf-key,10_wlf,ath79-mikrotik,495,
1789167052-3891575,2026-09-12T02:52:38+02:00,1789174358,parallel,build,10_wlf-key,10_wlf,ramips-mt7621,617,
1789167052-3891575,2026-09-12T02:52:45+02:00,1789174365,parallel,build,05_mon-key,05_mon,ath79-nand,1176,
1789167052-3891575,2026-09-12T02:52:52+02:00,1789174372,parallel,build,05_mon-key,05_mon,ath79-generic,1242,
1789167052-3891575,2026-09-12T02:55:02+02:00,1789174502,parallel,build,10_wlf-key,10_wlf,mediatek-filogic,530,
1789167052-3891575,2026-09-12T02:55:10+02:00,1789174510,parallel,build,10_wlf-key,10_wlf,x86-64,583,
1789167052-3891575,2026-09-12T02:59:49+02:00,1789174789,parallel,build,21_dias-key,21_dias,ath79-mikrotik,437,
1789167052-3891575,2026-09-12T03:00:26+02:00,1789174826,parallel,build,10_wlf-key,10_wlf,ath79-nand,388,
1789167052-3891575,2026-09-12T03:01:24+02:00,1789174884,parallel,build,21_dias-key,21_dias,ramips-mt7621,447,
1789167052-3891575,2026-09-12T03:02:46+02:00,1789174966,parallel,build,21_dias-key,21_dias,mediatek-filogic,432,
1789167052-3891575,2026-09-12T03:03:33+02:00,1789175013,parallel,build,10_wlf-key,10_wlf,ath79-generic,574,
1789167052-3891575,2026-09-12T03:04:01+02:00,1789175041,parallel,build,21_dias-key,21_dias,x86-64,506,
1789167052-3891575,2026-09-12T03:07:10+02:00,1789175230,parallel,build,21_dias-key,21_dias,ath79-nand,397,
1789167052-3891575,2026-09-12T03:07:30+02:00,1789175250,parallel,build,21_dias,21_dias,ath79-mikrotik,445,
1789167052-3891575,2026-09-12T03:09:02+02:00,1789175342,parallel,build,21_dias,21_dias,ramips-mt7621,432,
1789167052-3891575,2026-09-12T03:09:50+02:00,1789175390,parallel,build,21_dias,21_dias,mediatek-filogic,382,
1789167052-3891575,2026-09-12T03:11:35+02:00,1789175495,parallel,build,21_dias,21_dias,x86-64,441,
1789167052-3891575,2026-09-12T03:12:53+02:00,1789175573,parallel,build,21_dias-key,21_dias,ath79-generic,521,
1789167052-3891575,2026-09-12T03:15:10+02:00,1789175710,parallel,build,21_dias,21_dias,ath79-nand,463,
1789167052-3891575,2026-09-12T03:16:15+02:00,1789175775,parallel,build,13_dusfl-key,13_dusfl,ath79-mikrotik,522,
1789167052-3891575,2026-09-12T03:18:27+02:00,1789175907,parallel,build,13_dusfl-key,13_dusfl,mediatek-filogic,494,
1789167052-3891575,2026-09-12T03:19:46+02:00,1789175986,parallel,build,13_dusfl-key,13_dusfl,ramips-mt7621,597,
1789167052-3891575,2026-09-12T03:21:20+02:00,1789176080,parallel,build,13_dusfl-key,13_dusfl,x86-64,562,
1789167052-3891575,2026-09-12T03:22:58+02:00,1789176178,parallel,build,13_dusfl-key,13_dusfl,ath79-nand,430,
1789167052-3891575,2026-09-12T03:23:52+02:00,1789176232,parallel,build,21_dias,21_dias,ath79-generic,589,
1789167052-3891575,2026-09-12T03:24:59+02:00,1789176299,parallel,build,48_rdvw,48_rdvw,ath79-mikrotik,516,
1789167052-3891575,2026-09-12T03:27:10+02:00,1789176430,parallel,build,48_rdvw,48_rdvw,mediatek-filogic,474,
1789167052-3891575,2026-09-12T03:28:38+02:00,1789176518,parallel,build,48_rdvw,48_rdvw,ramips-mt7621,526,
1789167052-3891575,2026-09-12T03:30:10+02:00,1789176610,parallel,build,48_rdvw,48_rdvw,x86-64,507,
1789167052-3891575,2026-09-12T03:31:04+02:00,1789176664,parallel,build,48_rdvw,48_rdvw,ath79-nand,479,
1789167052-3891575,2026-09-12T03:33:04+02:00,1789176784,parallel,build,24_dusukw-key,24_dusukw,ath79-mikrotik,446,
1789167052-3891575,2026-09-12T03:34:34+02:00,1789176874,parallel,build,24_dusukw-key,24_dusukw,mediatek-filogic,427,
1789167052-3891575,2026-09-12T03:34:55+02:00,1789176895,parallel,build,13_dusfl-key,13_dusfl,ath79-generic,557,
1789167052-3891575,2026-09-12T03:37:50+02:00,1789177070,parallel,build,24_dusukw-key,24_dusukw,ramips-mt7621,513,
1789167052-3891575,2026-09-12T03:38:58+02:00,1789177138,parallel,build,24_dusukw-key,24_dusukw,x86-64,520,
1789167052-3891575,2026-09-12T03:39:27+02:00,1789177167,parallel,build,24_dusukw-key,24_dusukw,ath79-nand,479,
1789167052-3891575,2026-09-12T03:41:21+02:00,1789177281,parallel,build,18_nefuk-key,18_nefuk,ath79-mikrotik,472,
1789167052-3891575,2026-09-12T03:43:49+02:00,1789177429,parallel,build,18_nefuk-key,18_nefuk,mediatek-filogic,487,
1789167052-3891575,2026-09-12T03:46:42+02:00,1789177602,parallel,build,48_rdvw,48_rdvw,ath79-generic,639,
1789167052-3891575,2026-09-12T03:46:44+02:00,1789177604,parallel,build,18_nefuk-key,18_nefuk,ath79-nand,437,
1789167052-3891575,2026-09-12T03:48:44+02:00,1789177724,parallel,build,18_nefuk-key,18_nefuk,ramips-mt7621,589,
1789167052-3891575,2026-09-12T03:49:19+02:00,1789177759,parallel,build,18_nefuk-key,18_nefuk,x86-64,592,
1789167052-3891575,2026-09-12T03:49:56+02:00,1789177796,parallel,build,05_mon-key,05_mon,mediatek-mt7622,475,
1789167052-3891575,2026-09-12T03:54:10+02:00,1789178050,parallel,build,05_mon-key,05_mon,x86-generic,573,
1789167052-3891575,2026-09-12T03:55:48+02:00,1789178148,parallel,build,05_mon-key,05_mon,mpc85xx-p1020,443,
1789167052-3891575,2026-09-12T03:56:16+02:00,1789178176,parallel,build,10_wlf-key,10_wlf,mediatek-mt7622,351,
1789167052-3891575,2026-09-12T03:57:16+02:00,1789178236,parallel,build,24_dusukw-key,24_dusukw,ath79-generic,580,
1789167052-3891575,2026-09-12T04:00:49+02:00,1789178449,parallel,build,10_wlf-key,10_wlf,x86-generic,371,
1789167052-3891575,2026-09-12T04:02:17+02:00,1789178537,parallel,build,10_wlf-key,10_wlf,mpc85xx-p1020,362,
1789167052-3891575,2026-09-12T04:03:08+02:00,1789178588,parallel,build,21_dias-key,21_dias,mediatek-mt7622,391,
1789167052-3891575,2026-09-12T04:06:39+02:00,1789178799,parallel,build,18_nefuk-key,18_nefuk,ath79-generic,486,
1789167052-3891575,2026-09-12T04:09:22+02:00,1789178962,parallel,build,21_dias-key,21_dias,x86-generic,479,
1789167052-3891575,2026-09-12T04:10:09+02:00,1789179009,parallel,build,21_dias-key,21_dias,mpc85xx-p1020,443,
1789167052-3891575,2026-09-12T04:10:36+02:00,1789179036,parallel,build,21_dias,21_dias,mediatek-mt7622,445,
1789167052-3891575,2026-09-12T04:15:24+02:00,1789179324,parallel,build,21_dias,21_dias,mpc85xx-p1020,313,
1789167052-3891575,2026-09-12T04:15:54+02:00,1789179354,parallel,build,13_dusfl-key,13_dusfl,mediatek-mt7622,315,
1789167052-3891575,2026-09-12T04:16:30+02:00,1789179390,parallel,build,21_dias,21_dias,x86-generic,387,
1789167052-3891575,2026-09-12T04:21:07+02:00,1789179667,parallel,build,48_rdvw,48_rdvw,mediatek-mt7622,303,
1789167052-3891575,2026-09-12T04:21:07+02:00,1789179667,parallel,build,13_dusfl-key,13_dusfl,mpc85xx-p1020,306,
1789167052-3891575,2026-09-12T04:22:12+02:00,1789179732,parallel,build,13_dusfl-key,13_dusfl,x86-generic,339,
1789167052-3891575,2026-09-12T04:26:41+02:00,1789180001,parallel,build,24_dusukw-key,24_dusukw,mediatek-mt7622,302,
1789167052-3891575,2026-09-12T04:26:41+02:00,1789180001,parallel,build,48_rdvw,48_rdvw,mpc85xx-p1020,302,
1789167052-3891575,2026-09-12T04:27:55+02:00,1789180075,parallel,build,48_rdvw,48_rdvw,x86-generic,340,
1789167052-3891575,2026-09-12T04:31:53+02:00,1789180313,parallel,build,18_nefuk-key,18_nefuk,mediatek-mt7622,275,
1789167052-3891575,2026-09-12T04:31:54+02:00,1789180314,parallel,build,24_dusukw-key,24_dusukw,mpc85xx-p1020,276,
1789167052-3891575,2026-09-12T04:33:11+02:00,1789180391,parallel,build,24_dusukw-key,24_dusukw,x86-generic,312,
1789167052-3891575,2026-09-12T04:36:54+02:00,1789180614,parallel,build,18_nefuk-key,18_nefuk,mpc85xx-p1020,262,
1789167052-3891575,2026-09-12T04:38:12+02:00,1789180692,parallel,build,18_nefuk-key,18_nefuk,x86-generic,299,
1789167052-3891575,2026-09-12T04:38:54+02:00,1789180734,parallel,finalize,01_vel-key,01_vel,-,17,
1789167052-3891575,2026-09-12T04:39:04+02:00,1789180744,parallel,finalize,05_mon-key,05_mon,-,10,
1789167052-3891575,2026-09-12T04:39:14+02:00,1789180754,parallel,finalize,10_wlf-key,10_wlf,-,10,
1789167052-3891575,2026-09-12T04:39:24+02:00,1789180764,parallel,finalize,21_dias-key,21_dias,-,10,
1789167052-3891575,2026-09-12T04:39:34+02:00,1789180774,parallel,finalize,21_dias,21_dias,-,10,
1789167052-3891575,2026-09-12T04:39:44+02:00,1789180784,parallel,finalize,13_dusfl-key,13_dusfl,-,10,
1789167052-3891575,2026-09-12T04:39:54+02:00,1789180794,parallel,finalize,48_rdvw,48_rdvw,-,10,
1789167052-3891575,2026-09-12T04:40:04+02:00,1789180804,parallel,finalize,24_dusukw-key,24_dusukw,-,10,
1789167052-3891575,2026-09-12T04:40:14+02:00,1789180814,parallel,finalize,18_nefuk-key,18_nefuk,-,10,
